{
    "data": {
        "window-log": [
            {
                "status": 0,
                "start": "00:00:00",
                "end": "00:32:03"
            },
            {
                "status": 68,
                "start": "00:32:03",
                "end": "00:32:21"
            },
            {
                "status": 17,
                "start": "00:32:21",
                "end": "23:16:17"
            },
            {
                "status": 50,
                "start": "23:16:17",
                "end": "23:16:18"
            },
            {
                "status": 38,
                "start": "23:16:18",
                "end": "23:16:18"
            },
            {
                "status": 53,
                "start": "23:16:18",
                "end": "23:16:26"
            },
            {
                "status": 39,
                "start": "23:16:26",
                "end": "23:16:26"
            }
        ],
        "lights-log": [
            {
                "status": "Off",
                "start": "00:00:00",
                "end": "00:26:45"
            },
            {
                "status": "On",
                "start": "00:26:45",
                "end": "23:20:29"
            },
            {
                "status": "Off",
                "start": "23:20:29",
                "end": "23:20:29"
            },
            {
                "status": "On",
                "start": "23:20:29",
                "end": "23:20:29"
            },
            {
                "status": "Off",
                "start": "23:20:29",
                "end": "23:20:29"
            },
            {
                "status": "On",
                "start": "23:20:29",
                "end": "23:20:29"
            },
            {
                "status": "Off",
                "start": "23:20:29",
                "end": "23:20:29"
            },
            {
                "status": "On",
                "start": "23:20:29",
                "end": "23:20:29"
            },
            {
                "status": "Off",
                "start": "23:20:29",
                "end": "23:20:30"
            },
            {
                "status": "On",
                "start": "23:20:30",
                "end": "23:20:30"
            },
            {
                "status": "Off",
                "start": "23:20:30",
                "end": "23:20:30"
            },
            {
                "status": "On",
                "start": "23:20:30",
                "end": "23:31:10"
            },
            {
                "status": "Off",
                "start": "23:31:10",
                "end": "23:35:35"
            },
            {
                "status": "On",
                "start": "23:35:35",
                "end": "23:35:35"
            }
        ]
    }
}